src,dst,category
E:\Deskbook\pytorch-CycleGAN-and-pix2pix_multi\results\attention_cyclegan\latest_test\images\862321521446625280_1758513676350_fake_A.png,E:\Deskbook\pytorch-CycleGAN-and-pix2pix_multi\organized_for_classification\A_class\862321521446625280_1758513676350_fake_A.png,fake_A
E:\Deskbook\pytorch-CycleGAN-and-pix2pix_multi\results\attention_cyclegan\latest_test\images\862321521446625280_1758513676350_fake_B.png,E:\Deskbook\pytorch-CycleGAN-and-pix2pix_multi\organized_for_classification\B_class\862321521446625280_1758513676350_fake_B.png,fake_B
E:\Deskbook\pytorch-CycleGAN-and-pix2pix_multi\results\attention_cyclegan\latest_test\images\862321521446625280_1758513676350_real_A.png,E:\Deskbook\pytorch-CycleGAN-and-pix2pix_multi\organized_for_classification\A_class\862321521446625280_1758513676350_real_A.png,real_A
E:\Deskbook\pytorch-CycleGAN-and-pix2pix_multi\results\attention_cyclegan\latest_test\images\862321521446625280_1758513676350_real_B.png,E:\Deskbook\pytorch-CycleGAN-and-pix2pix_multi\organized_for_classification\B_class\862321521446625280_1758513676350_real_B.png,real_B
E:\Deskbook\pytorch-CycleGAN-and-pix2pix_multi\results\attention_cyclegan\latest_test\images\862321521446625280_1758513676350_rec_A.png,E:\Deskbook\pytorch-CycleGAN-and-pix2pix_multi\organized_for_classification\A_class\862321521446625280_1758513676350_rec_A.png,rec_A
E:\Deskbook\pytorch-CycleGAN-and-pix2pix_multi\results\attention_cyclegan\latest_test\images\862321521446625280_1758513676350_rec_B.png,E:\Deskbook\pytorch-CycleGAN-and-pix2pix_multi\organized_for_classification\B_class\862321521446625280_1758513676350_rec_B.png,rec_B
E:\Deskbook\pytorch-CycleGAN-and-pix2pix_multi\results\attention_cyclegan\latest_test\images\862334317332799488_1758513735635_fake_A.png,E:\Deskbook\pytorch-CycleGAN-and-pix2pix_multi\organized_for_classification\A_class\862334317332799488_1758513735635_fake_A.png,fake_A
E:\Deskbook\pytorch-CycleGAN-and-pix2pix_multi\results\attention_cyclegan\latest_test\images\862334317332799488_1758513735635_fake_B.png,E:\Deskbook\pytorch-CycleGAN-and-pix2pix_multi\organized_for_classification\B_class\862334317332799488_1758513735635_fake_B.png,fake_B
E:\Deskbook\pytorch-CycleGAN-and-pix2pix_multi\results\attention_cyclegan\latest_test\images\862334317332799488_1758513735635_real_A.png,E:\Deskbook\pytorch-CycleGAN-and-pix2pix_multi\organized_for_classification\A_class\862334317332799488_1758513735635_real_A.png,real_A
E:\Deskbook\pytorch-CycleGAN-and-pix2pix_multi\results\attention_cyclegan\latest_test\images\862334317332799488_1758513735635_real_B.png,E:\Deskbook\pytorch-CycleGAN-and-pix2pix_multi\organized_for_classification\B_class\862334317332799488_1758513735635_real_B.png,real_B
E:\Deskbook\pytorch-CycleGAN-and-pix2pix_multi\results\attention_cyclegan\latest_test\images\862334317332799488_1758513735635_rec_A.png,E:\Deskbook\pytorch-CycleGAN-and-pix2pix_multi\organized_for_classification\A_class\862334317332799488_1758513735635_rec_A.png,rec_A
E:\Deskbook\pytorch-CycleGAN-and-pix2pix_multi\results\attention_cyclegan\latest_test\images\862334317332799488_1758513735635_rec_B.png,E:\Deskbook\pytorch-CycleGAN-and-pix2pix_multi\organized_for_classification\B_class\862334317332799488_1758513735635_rec_B.png,rec_B
E:\Deskbook\pytorch-CycleGAN-and-pix2pix_multi\results\attention_cyclegan\latest_test\images\862334317332799488_1758513735725_fake_A.png,E:\Deskbook\pytorch-CycleGAN-and-pix2pix_multi\organized_for_classification\A_class\862334317332799488_1758513735725_fake_A.png,fake_A
E:\Deskbook\pytorch-CycleGAN-and-pix2pix_multi\results\attention_cyclegan\latest_test\images\862334317332799488_1758513735725_fake_B.png,E:\Deskbook\pytorch-CycleGAN-and-pix2pix_multi\organized_for_classification\B_class\862334317332799488_1758513735725_fake_B.png,fake_B
E:\Deskbook\pytorch-CycleGAN-and-pix2pix_multi\results\attention_cyclegan\latest_test\images\862334317332799488_1758513735725_real_A.png,E:\Deskbook\pytorch-CycleGAN-and-pix2pix_multi\organized_for_classification\A_class\862334317332799488_1758513735725_real_A.png,real_A
E:\Deskbook\pytorch-CycleGAN-and-pix2pix_multi\results\attention_cyclegan\latest_test\images\862334317332799488_1758513735725_real_B.png,E:\Deskbook\pytorch-CycleGAN-and-pix2pix_multi\organized_for_classification\B_class\862334317332799488_1758513735725_real_B.png,real_B
E:\Deskbook\pytorch-CycleGAN-and-pix2pix_multi\results\attention_cyclegan\latest_test\images\862334317332799488_1758513735725_rec_A.png,E:\Deskbook\pytorch-CycleGAN-and-pix2pix_multi\organized_for_classification\A_class\862334317332799488_1758513735725_rec_A.png,rec_A
E:\Deskbook\pytorch-CycleGAN-and-pix2pix_multi\results\attention_cyclegan\latest_test\images\862334317332799488_1758513735725_rec_B.png,E:\Deskbook\pytorch-CycleGAN-and-pix2pix_multi\organized_for_classification\B_class\862334317332799488_1758513735725_rec_B.png,rec_B
E:\Deskbook\pytorch-CycleGAN-and-pix2pix_multi\results\attention_cyclegan\latest_test\images\862986091962048512_1758513799286_fake_A.png,E:\Deskbook\pytorch-CycleGAN-and-pix2pix_multi\organized_for_classification\A_class\862986091962048512_1758513799286_fake_A.png,fake_A
E:\Deskbook\pytorch-CycleGAN-and-pix2pix_multi\results\attention_cyclegan\latest_test\images\862986091962048512_1758513799286_fake_B.png,E:\Deskbook\pytorch-CycleGAN-and-pix2pix_multi\organized_for_classification\B_class\862986091962048512_1758513799286_fake_B.png,fake_B
E:\Deskbook\pytorch-CycleGAN-and-pix2pix_multi\results\attention_cyclegan\latest_test\images\862986091962048512_1758513799286_real_A.png,E:\Deskbook\pytorch-CycleGAN-and-pix2pix_multi\organized_for_classification\A_class\862986091962048512_1758513799286_real_A.png,real_A
E:\Deskbook\pytorch-CycleGAN-and-pix2pix_multi\results\attention_cyclegan\latest_test\images\862986091962048512_1758513799286_real_B.png,E:\Deskbook\pytorch-CycleGAN-and-pix2pix_multi\organized_for_classification\B_class\862986091962048512_1758513799286_real_B.png,real_B
E:\Deskbook\pytorch-CycleGAN-and-pix2pix_multi\results\attention_cyclegan\latest_test\images\862986091962048512_1758513799286_rec_A.png,E:\Deskbook\pytorch-CycleGAN-and-pix2pix_multi\organized_for_classification\A_class\862986091962048512_1758513799286_rec_A.png,rec_A
E:\Deskbook\pytorch-CycleGAN-and-pix2pix_multi\results\attention_cyclegan\latest_test\images\862986091962048512_1758513799286_rec_B.png,E:\Deskbook\pytorch-CycleGAN-and-pix2pix_multi\organized_for_classification\B_class\862986091962048512_1758513799286_rec_B.png,rec_B
E:\Deskbook\pytorch-CycleGAN-and-pix2pix_multi\results\attention_cyclegan\latest_test\images\862986091962048512_1758513799418_fake_A.png,E:\Deskbook\pytorch-CycleGAN-and-pix2pix_multi\organized_for_classification\A_class\862986091962048512_1758513799418_fake_A.png,fake_A
E:\Deskbook\pytorch-CycleGAN-and-pix2pix_multi\results\attention_cyclegan\latest_test\images\862986091962048512_1758513799418_fake_B.png,E:\Deskbook\pytorch-CycleGAN-and-pix2pix_multi\organized_for_classification\B_class\862986091962048512_1758513799418_fake_B.png,fake_B
E:\Deskbook\pytorch-CycleGAN-and-pix2pix_multi\results\attention_cyclegan\latest_test\images\862986091962048512_1758513799418_real_A.png,E:\Deskbook\pytorch-CycleGAN-and-pix2pix_multi\organized_for_classification\A_class\862986091962048512_1758513799418_real_A.png,real_A
E:\Deskbook\pytorch-CycleGAN-and-pix2pix_multi\results\attention_cyclegan\latest_test\images\862986091962048512_1758513799418_real_B.png,E:\Deskbook\pytorch-CycleGAN-and-pix2pix_multi\organized_for_classification\B_class\862986091962048512_1758513799418_real_B.png,real_B
E:\Deskbook\pytorch-CycleGAN-and-pix2pix_multi\results\attention_cyclegan\latest_test\images\862986091962048512_1758513799418_rec_A.png,E:\Deskbook\pytorch-CycleGAN-and-pix2pix_multi\organized_for_classification\A_class\862986091962048512_1758513799418_rec_A.png,rec_A
E:\Deskbook\pytorch-CycleGAN-and-pix2pix_multi\results\attention_cyclegan\latest_test\images\862986091962048512_1758513799418_rec_B.png,E:\Deskbook\pytorch-CycleGAN-and-pix2pix_multi\organized_for_classification\B_class\862986091962048512_1758513799418_rec_B.png,rec_B
E:\Deskbook\pytorch-CycleGAN-and-pix2pix_multi\results\attention_cyclegan\latest_test\images\862986091962048512_1758513799514_fake_A.png,E:\Deskbook\pytorch-CycleGAN-and-pix2pix_multi\organized_for_classification\A_class\862986091962048512_1758513799514_fake_A.png,fake_A
E:\Deskbook\pytorch-CycleGAN-and-pix2pix_multi\results\attention_cyclegan\latest_test\images\862986091962048512_1758513799514_fake_B.png,E:\Deskbook\pytorch-CycleGAN-and-pix2pix_multi\organized_for_classification\B_class\862986091962048512_1758513799514_fake_B.png,fake_B
E:\Deskbook\pytorch-CycleGAN-and-pix2pix_multi\results\attention_cyclegan\latest_test\images\862986091962048512_1758513799514_real_A.png,E:\Deskbook\pytorch-CycleGAN-and-pix2pix_multi\organized_for_classification\A_class\862986091962048512_1758513799514_real_A.png,real_A
E:\Deskbook\pytorch-CycleGAN-and-pix2pix_multi\results\attention_cyclegan\latest_test\images\862986091962048512_1758513799514_real_B.png,E:\Deskbook\pytorch-CycleGAN-and-pix2pix_multi\organized_for_classification\B_class\862986091962048512_1758513799514_real_B.png,real_B
E:\Deskbook\pytorch-CycleGAN-and-pix2pix_multi\results\attention_cyclegan\latest_test\images\862986091962048512_1758513799514_rec_A.png,E:\Deskbook\pytorch-CycleGAN-and-pix2pix_multi\organized_for_classification\A_class\862986091962048512_1758513799514_rec_A.png,rec_A
E:\Deskbook\pytorch-CycleGAN-and-pix2pix_multi\results\attention_cyclegan\latest_test\images\862986091962048512_1758513799514_rec_B.png,E:\Deskbook\pytorch-CycleGAN-and-pix2pix_multi\organized_for_classification\B_class\862986091962048512_1758513799514_rec_B.png,rec_B
E:\Deskbook\pytorch-CycleGAN-and-pix2pix_multi\results\attention_cyclegan\latest_test\images\862991707539513344_1758513872551_fake_A.png,E:\Deskbook\pytorch-CycleGAN-and-pix2pix_multi\organized_for_classification\A_class\862991707539513344_1758513872551_fake_A.png,fake_A
E:\Deskbook\pytorch-CycleGAN-and-pix2pix_multi\results\attention_cyclegan\latest_test\images\862991707539513344_1758513872551_fake_B.png,E:\Deskbook\pytorch-CycleGAN-and-pix2pix_multi\organized_for_classification\B_class\862991707539513344_1758513872551_fake_B.png,fake_B
E:\Deskbook\pytorch-CycleGAN-and-pix2pix_multi\results\attention_cyclegan\latest_test\images\862991707539513344_1758513872551_real_A.png,E:\Deskbook\pytorch-CycleGAN-and-pix2pix_multi\organized_for_classification\A_class\862991707539513344_1758513872551_real_A.png,real_A
E:\Deskbook\pytorch-CycleGAN-and-pix2pix_multi\results\attention_cyclegan\latest_test\images\862991707539513344_1758513872551_real_B.png,E:\Deskbook\pytorch-CycleGAN-and-pix2pix_multi\organized_for_classification\B_class\862991707539513344_1758513872551_real_B.png,real_B
E:\Deskbook\pytorch-CycleGAN-and-pix2pix_multi\results\attention_cyclegan\latest_test\images\862991707539513344_1758513872551_rec_A.png,E:\Deskbook\pytorch-CycleGAN-and-pix2pix_multi\organized_for_classification\A_class\862991707539513344_1758513872551_rec_A.png,rec_A
E:\Deskbook\pytorch-CycleGAN-and-pix2pix_multi\results\attention_cyclegan\latest_test\images\862991707539513344_1758513872551_rec_B.png,E:\Deskbook\pytorch-CycleGAN-and-pix2pix_multi\organized_for_classification\B_class\862991707539513344_1758513872551_rec_B.png,rec_B
E:\Deskbook\pytorch-CycleGAN-and-pix2pix_multi\results\attention_cyclegan\latest_test\images\862991707539513344_1758513872636_fake_A.png,E:\Deskbook\pytorch-CycleGAN-and-pix2pix_multi\organized_for_classification\A_class\862991707539513344_1758513872636_fake_A.png,fake_A
E:\Deskbook\pytorch-CycleGAN-and-pix2pix_multi\results\attention_cyclegan\latest_test\images\862991707539513344_1758513872636_fake_B.png,E:\Deskbook\pytorch-CycleGAN-and-pix2pix_multi\organized_for_classification\B_class\862991707539513344_1758513872636_fake_B.png,fake_B
E:\Deskbook\pytorch-CycleGAN-and-pix2pix_multi\results\attention_cyclegan\latest_test\images\862991707539513344_1758513872636_real_A.png,E:\Deskbook\pytorch-CycleGAN-and-pix2pix_multi\organized_for_classification\A_class\862991707539513344_1758513872636_real_A.png,real_A
E:\Deskbook\pytorch-CycleGAN-and-pix2pix_multi\results\attention_cyclegan\latest_test\images\862991707539513344_1758513872636_real_B.png,E:\Deskbook\pytorch-CycleGAN-and-pix2pix_multi\organized_for_classification\B_class\862991707539513344_1758513872636_real_B.png,real_B
E:\Deskbook\pytorch-CycleGAN-and-pix2pix_multi\results\attention_cyclegan\latest_test\images\862991707539513344_1758513872636_rec_A.png,E:\Deskbook\pytorch-CycleGAN-and-pix2pix_multi\organized_for_classification\A_class\862991707539513344_1758513872636_rec_A.png,rec_A
E:\Deskbook\pytorch-CycleGAN-and-pix2pix_multi\results\attention_cyclegan\latest_test\images\862991707539513344_1758513872636_rec_B.png,E:\Deskbook\pytorch-CycleGAN-and-pix2pix_multi\organized_for_classification\B_class\862991707539513344_1758513872636_rec_B.png,rec_B
E:\Deskbook\pytorch-CycleGAN-and-pix2pix_multi\results\attention_cyclegan\latest_test\images\864870295532478464_1758513949050_fake_A.png,E:\Deskbook\pytorch-CycleGAN-and-pix2pix_multi\organized_for_classification\A_class\864870295532478464_1758513949050_fake_A.png,fake_A
E:\Deskbook\pytorch-CycleGAN-and-pix2pix_multi\results\attention_cyclegan\latest_test\images\864870295532478464_1758513949050_fake_B.png,E:\Deskbook\pytorch-CycleGAN-and-pix2pix_multi\organized_for_classification\B_class\864870295532478464_1758513949050_fake_B.png,fake_B
E:\Deskbook\pytorch-CycleGAN-and-pix2pix_multi\results\attention_cyclegan\latest_test\images\864870295532478464_1758513949050_real_A.png,E:\Deskbook\pytorch-CycleGAN-and-pix2pix_multi\organized_for_classification\A_class\864870295532478464_1758513949050_real_A.png,real_A
E:\Deskbook\pytorch-CycleGAN-and-pix2pix_multi\results\attention_cyclegan\latest_test\images\864870295532478464_1758513949050_real_B.png,E:\Deskbook\pytorch-CycleGAN-and-pix2pix_multi\organized_for_classification\B_class\864870295532478464_1758513949050_real_B.png,real_B
E:\Deskbook\pytorch-CycleGAN-and-pix2pix_multi\results\attention_cyclegan\latest_test\images\864870295532478464_1758513949050_rec_A.png,E:\Deskbook\pytorch-CycleGAN-and-pix2pix_multi\organized_for_classification\A_class\864870295532478464_1758513949050_rec_A.png,rec_A
E:\Deskbook\pytorch-CycleGAN-and-pix2pix_multi\results\attention_cyclegan\latest_test\images\864870295532478464_1758513949050_rec_B.png,E:\Deskbook\pytorch-CycleGAN-and-pix2pix_multi\organized_for_classification\B_class\864870295532478464_1758513949050_rec_B.png,rec_B
E:\Deskbook\pytorch-CycleGAN-and-pix2pix_multi\results\attention_cyclegan\latest_test\images\864870295532478464_1758513949163_fake_A.png,E:\Deskbook\pytorch-CycleGAN-and-pix2pix_multi\organized_for_classification\A_class\864870295532478464_1758513949163_fake_A.png,fake_A
E:\Deskbook\pytorch-CycleGAN-and-pix2pix_multi\results\attention_cyclegan\latest_test\images\864870295532478464_1758513949163_fake_B.png,E:\Deskbook\pytorch-CycleGAN-and-pix2pix_multi\organized_for_classification\B_class\864870295532478464_1758513949163_fake_B.png,fake_B
E:\Deskbook\pytorch-CycleGAN-and-pix2pix_multi\results\attention_cyclegan\latest_test\images\864870295532478464_1758513949163_real_A.png,E:\Deskbook\pytorch-CycleGAN-and-pix2pix_multi\organized_for_classification\A_class\864870295532478464_1758513949163_real_A.png,real_A
E:\Deskbook\pytorch-CycleGAN-and-pix2pix_multi\results\attention_cyclegan\latest_test\images\864870295532478464_1758513949163_real_B.png,E:\Deskbook\pytorch-CycleGAN-and-pix2pix_multi\organized_for_classification\B_class\864870295532478464_1758513949163_real_B.png,real_B
E:\Deskbook\pytorch-CycleGAN-and-pix2pix_multi\results\attention_cyclegan\latest_test\images\864870295532478464_1758513949163_rec_A.png,E:\Deskbook\pytorch-CycleGAN-and-pix2pix_multi\organized_for_classification\A_class\864870295532478464_1758513949163_rec_A.png,rec_A
E:\Deskbook\pytorch-CycleGAN-and-pix2pix_multi\results\attention_cyclegan\latest_test\images\864870295532478464_1758513949163_rec_B.png,E:\Deskbook\pytorch-CycleGAN-and-pix2pix_multi\organized_for_classification\B_class\864870295532478464_1758513949163_rec_B.png,rec_B
E:\Deskbook\pytorch-CycleGAN-and-pix2pix_multi\results\attention_cyclegan\latest_test\images\864870295532478464_1758513949267_fake_A.png,E:\Deskbook\pytorch-CycleGAN-and-pix2pix_multi\organized_for_classification\A_class\864870295532478464_1758513949267_fake_A.png,fake_A
E:\Deskbook\pytorch-CycleGAN-and-pix2pix_multi\results\attention_cyclegan\latest_test\images\864870295532478464_1758513949267_fake_B.png,E:\Deskbook\pytorch-CycleGAN-and-pix2pix_multi\organized_for_classification\B_class\864870295532478464_1758513949267_fake_B.png,fake_B
E:\Deskbook\pytorch-CycleGAN-and-pix2pix_multi\results\attention_cyclegan\latest_test\images\864870295532478464_1758513949267_real_A.png,E:\Deskbook\pytorch-CycleGAN-and-pix2pix_multi\organized_for_classification\A_class\864870295532478464_1758513949267_real_A.png,real_A
E:\Deskbook\pytorch-CycleGAN-and-pix2pix_multi\results\attention_cyclegan\latest_test\images\864870295532478464_1758513949267_real_B.png,E:\Deskbook\pytorch-CycleGAN-and-pix2pix_multi\organized_for_classification\B_class\864870295532478464_1758513949267_real_B.png,real_B
E:\Deskbook\pytorch-CycleGAN-and-pix2pix_multi\results\attention_cyclegan\latest_test\images\864870295532478464_1758513949267_rec_A.png,E:\Deskbook\pytorch-CycleGAN-and-pix2pix_multi\organized_for_classification\A_class\864870295532478464_1758513949267_rec_A.png,rec_A
E:\Deskbook\pytorch-CycleGAN-and-pix2pix_multi\results\attention_cyclegan\latest_test\images\864870295532478464_1758513949267_rec_B.png,E:\Deskbook\pytorch-CycleGAN-and-pix2pix_multi\organized_for_classification\B_class\864870295532478464_1758513949267_rec_B.png,rec_B
E:\Deskbook\pytorch-CycleGAN-and-pix2pix_multi\results\attention_cyclegan\latest_test\images\864878952311693312_1758514025799_fake_A.png,E:\Deskbook\pytorch-CycleGAN-and-pix2pix_multi\organized_for_classification\A_class\864878952311693312_1758514025799_fake_A.png,fake_A
E:\Deskbook\pytorch-CycleGAN-and-pix2pix_multi\results\attention_cyclegan\latest_test\images\864878952311693312_1758514025799_fake_B.png,E:\Deskbook\pytorch-CycleGAN-and-pix2pix_multi\organized_for_classification\B_class\864878952311693312_1758514025799_fake_B.png,fake_B
E:\Deskbook\pytorch-CycleGAN-and-pix2pix_multi\results\attention_cyclegan\latest_test\images\864878952311693312_1758514025799_real_A.png,E:\Deskbook\pytorch-CycleGAN-and-pix2pix_multi\organized_for_classification\A_class\864878952311693312_1758514025799_real_A.png,real_A
E:\Deskbook\pytorch-CycleGAN-and-pix2pix_multi\results\attention_cyclegan\latest_test\images\864878952311693312_1758514025799_real_B.png,E:\Deskbook\pytorch-CycleGAN-and-pix2pix_multi\organized_for_classification\B_class\864878952311693312_1758514025799_real_B.png,real_B
E:\Deskbook\pytorch-CycleGAN-and-pix2pix_multi\results\attention_cyclegan\latest_test\images\864878952311693312_1758514025799_rec_A.png,E:\Deskbook\pytorch-CycleGAN-and-pix2pix_multi\organized_for_classification\A_class\864878952311693312_1758514025799_rec_A.png,rec_A
E:\Deskbook\pytorch-CycleGAN-and-pix2pix_multi\results\attention_cyclegan\latest_test\images\864878952311693312_1758514025799_rec_B.png,E:\Deskbook\pytorch-CycleGAN-and-pix2pix_multi\organized_for_classification\B_class\864878952311693312_1758514025799_rec_B.png,rec_B
E:\Deskbook\pytorch-CycleGAN-and-pix2pix_multi\results\attention_cyclegan\latest_test\images\864878952311693312_1758514025923_fake_A.png,E:\Deskbook\pytorch-CycleGAN-and-pix2pix_multi\organized_for_classification\A_class\864878952311693312_1758514025923_fake_A.png,fake_A
E:\Deskbook\pytorch-CycleGAN-and-pix2pix_multi\results\attention_cyclegan\latest_test\images\864878952311693312_1758514025923_fake_B.png,E:\Deskbook\pytorch-CycleGAN-and-pix2pix_multi\organized_for_classification\B_class\864878952311693312_1758514025923_fake_B.png,fake_B
E:\Deskbook\pytorch-CycleGAN-and-pix2pix_multi\results\attention_cyclegan\latest_test\images\864878952311693312_1758514025923_real_A.png,E:\Deskbook\pytorch-CycleGAN-and-pix2pix_multi\organized_for_classification\A_class\864878952311693312_1758514025923_real_A.png,real_A
E:\Deskbook\pytorch-CycleGAN-and-pix2pix_multi\results\attention_cyclegan\latest_test\images\864878952311693312_1758514025923_real_B.png,E:\Deskbook\pytorch-CycleGAN-and-pix2pix_multi\organized_for_classification\B_class\864878952311693312_1758514025923_real_B.png,real_B
E:\Deskbook\pytorch-CycleGAN-and-pix2pix_multi\results\attention_cyclegan\latest_test\images\864878952311693312_1758514025923_rec_A.png,E:\Deskbook\pytorch-CycleGAN-and-pix2pix_multi\organized_for_classification\A_class\864878952311693312_1758514025923_rec_A.png,rec_A
E:\Deskbook\pytorch-CycleGAN-and-pix2pix_multi\results\attention_cyclegan\latest_test\images\864878952311693312_1758514025923_rec_B.png,E:\Deskbook\pytorch-CycleGAN-and-pix2pix_multi\organized_for_classification\B_class\864878952311693312_1758514025923_rec_B.png,rec_B
E:\Deskbook\pytorch-CycleGAN-and-pix2pix_multi\results\attention_cyclegan\latest_test\images\864878952311693312_1758514026021_fake_A.png,E:\Deskbook\pytorch-CycleGAN-and-pix2pix_multi\organized_for_classification\A_class\864878952311693312_1758514026021_fake_A.png,fake_A
E:\Deskbook\pytorch-CycleGAN-and-pix2pix_multi\results\attention_cyclegan\latest_test\images\864878952311693312_1758514026021_fake_B.png,E:\Deskbook\pytorch-CycleGAN-and-pix2pix_multi\organized_for_classification\B_class\864878952311693312_1758514026021_fake_B.png,fake_B
E:\Deskbook\pytorch-CycleGAN-and-pix2pix_multi\results\attention_cyclegan\latest_test\images\864878952311693312_1758514026021_real_A.png,E:\Deskbook\pytorch-CycleGAN-and-pix2pix_multi\organized_for_classification\A_class\864878952311693312_1758514026021_real_A.png,real_A
E:\Deskbook\pytorch-CycleGAN-and-pix2pix_multi\results\attention_cyclegan\latest_test\images\864878952311693312_1758514026021_real_B.png,E:\Deskbook\pytorch-CycleGAN-and-pix2pix_multi\organized_for_classification\B_class\864878952311693312_1758514026021_real_B.png,real_B
E:\Deskbook\pytorch-CycleGAN-and-pix2pix_multi\results\attention_cyclegan\latest_test\images\864878952311693312_1758514026021_rec_A.png,E:\Deskbook\pytorch-CycleGAN-and-pix2pix_multi\organized_for_classification\A_class\864878952311693312_1758514026021_rec_A.png,rec_A
E:\Deskbook\pytorch-CycleGAN-and-pix2pix_multi\results\attention_cyclegan\latest_test\images\864878952311693312_1758514026021_rec_B.png,E:\Deskbook\pytorch-CycleGAN-and-pix2pix_multi\organized_for_classification\B_class\864878952311693312_1758514026021_rec_B.png,rec_B
E:\Deskbook\pytorch-CycleGAN-and-pix2pix_multi\results\attention_cyclegan\latest_test\images\865600843435483136_1758514177964_fake_A.png,E:\Deskbook\pytorch-CycleGAN-and-pix2pix_multi\organized_for_classification\A_class\865600843435483136_1758514177964_fake_A.png,fake_A
E:\Deskbook\pytorch-CycleGAN-and-pix2pix_multi\results\attention_cyclegan\latest_test\images\865600843435483136_1758514177964_fake_B.png,E:\Deskbook\pytorch-CycleGAN-and-pix2pix_multi\organized_for_classification\B_class\865600843435483136_1758514177964_fake_B.png,fake_B
E:\Deskbook\pytorch-CycleGAN-and-pix2pix_multi\results\attention_cyclegan\latest_test\images\865600843435483136_1758514177964_real_A.png,E:\Deskbook\pytorch-CycleGAN-and-pix2pix_multi\organized_for_classification\A_class\865600843435483136_1758514177964_real_A.png,real_A
E:\Deskbook\pytorch-CycleGAN-and-pix2pix_multi\results\attention_cyclegan\latest_test\images\865600843435483136_1758514177964_real_B.png,E:\Deskbook\pytorch-CycleGAN-and-pix2pix_multi\organized_for_classification\B_class\865600843435483136_1758514177964_real_B.png,real_B
E:\Deskbook\pytorch-CycleGAN-and-pix2pix_multi\results\attention_cyclegan\latest_test\images\865600843435483136_1758514177964_rec_A.png,E:\Deskbook\pytorch-CycleGAN-and-pix2pix_multi\organized_for_classification\A_class\865600843435483136_1758514177964_rec_A.png,rec_A
E:\Deskbook\pytorch-CycleGAN-and-pix2pix_multi\results\attention_cyclegan\latest_test\images\865600843435483136_1758514177964_rec_B.png,E:\Deskbook\pytorch-CycleGAN-and-pix2pix_multi\organized_for_classification\B_class\865600843435483136_1758514177964_rec_B.png,rec_B
E:\Deskbook\pytorch-CycleGAN-and-pix2pix_multi\results\attention_cyclegan\latest_test\images\865600843435483136_1758514178046_fake_A.png,E:\Deskbook\pytorch-CycleGAN-and-pix2pix_multi\organized_for_classification\A_class\865600843435483136_1758514178046_fake_A.png,fake_A
E:\Deskbook\pytorch-CycleGAN-and-pix2pix_multi\results\attention_cyclegan\latest_test\images\865600843435483136_1758514178046_fake_B.png,E:\Deskbook\pytorch-CycleGAN-and-pix2pix_multi\organized_for_classification\B_class\865600843435483136_1758514178046_fake_B.png,fake_B
E:\Deskbook\pytorch-CycleGAN-and-pix2pix_multi\results\attention_cyclegan\latest_test\images\865600843435483136_1758514178046_real_A.png,E:\Deskbook\pytorch-CycleGAN-and-pix2pix_multi\organized_for_classification\A_class\865600843435483136_1758514178046_real_A.png,real_A
E:\Deskbook\pytorch-CycleGAN-and-pix2pix_multi\results\attention_cyclegan\latest_test\images\865600843435483136_1758514178046_real_B.png,E:\Deskbook\pytorch-CycleGAN-and-pix2pix_multi\organized_for_classification\B_class\865600843435483136_1758514178046_real_B.png,real_B
E:\Deskbook\pytorch-CycleGAN-and-pix2pix_multi\results\attention_cyclegan\latest_test\images\865600843435483136_1758514178046_rec_A.png,E:\Deskbook\pytorch-CycleGAN-and-pix2pix_multi\organized_for_classification\A_class\865600843435483136_1758514178046_rec_A.png,rec_A
E:\Deskbook\pytorch-CycleGAN-and-pix2pix_multi\results\attention_cyclegan\latest_test\images\865600843435483136_1758514178046_rec_B.png,E:\Deskbook\pytorch-CycleGAN-and-pix2pix_multi\organized_for_classification\B_class\865600843435483136_1758514178046_rec_B.png,rec_B
E:\Deskbook\pytorch-CycleGAN-and-pix2pix_multi\results\attention_cyclegan\latest_test\images\865600843435483136_1758514178132_fake_A.png,E:\Deskbook\pytorch-CycleGAN-and-pix2pix_multi\organized_for_classification\A_class\865600843435483136_1758514178132_fake_A.png,fake_A
E:\Deskbook\pytorch-CycleGAN-and-pix2pix_multi\results\attention_cyclegan\latest_test\images\865600843435483136_1758514178132_fake_B.png,E:\Deskbook\pytorch-CycleGAN-and-pix2pix_multi\organized_for_classification\B_class\865600843435483136_1758514178132_fake_B.png,fake_B
E:\Deskbook\pytorch-CycleGAN-and-pix2pix_multi\results\attention_cyclegan\latest_test\images\865600843435483136_1758514178132_real_A.png,E:\Deskbook\pytorch-CycleGAN-and-pix2pix_multi\organized_for_classification\A_class\865600843435483136_1758514178132_real_A.png,real_A
E:\Deskbook\pytorch-CycleGAN-and-pix2pix_multi\results\attention_cyclegan\latest_test\images\865600843435483136_1758514178132_real_B.png,E:\Deskbook\pytorch-CycleGAN-and-pix2pix_multi\organized_for_classification\B_class\865600843435483136_1758514178132_real_B.png,real_B
E:\Deskbook\pytorch-CycleGAN-and-pix2pix_multi\results\attention_cyclegan\latest_test\images\865600843435483136_1758514178132_rec_A.png,E:\Deskbook\pytorch-CycleGAN-and-pix2pix_multi\organized_for_classification\A_class\865600843435483136_1758514178132_rec_A.png,rec_A
E:\Deskbook\pytorch-CycleGAN-and-pix2pix_multi\results\attention_cyclegan\latest_test\images\865600843435483136_1758514178132_rec_B.png,E:\Deskbook\pytorch-CycleGAN-and-pix2pix_multi\organized_for_classification\B_class\865600843435483136_1758514178132_rec_B.png,rec_B
E:\Deskbook\pytorch-CycleGAN-and-pix2pix_multi\results\attention_cyclegan\latest_test\images\867401440627269632_1758514270306_fake_A.png,E:\Deskbook\pytorch-CycleGAN-and-pix2pix_multi\organized_for_classification\A_class\867401440627269632_1758514270306_fake_A.png,fake_A
E:\Deskbook\pytorch-CycleGAN-and-pix2pix_multi\results\attention_cyclegan\latest_test\images\867401440627269632_1758514270306_fake_B.png,E:\Deskbook\pytorch-CycleGAN-and-pix2pix_multi\organized_for_classification\B_class\867401440627269632_1758514270306_fake_B.png,fake_B
E:\Deskbook\pytorch-CycleGAN-and-pix2pix_multi\results\attention_cyclegan\latest_test\images\867401440627269632_1758514270306_real_A.png,E:\Deskbook\pytorch-CycleGAN-and-pix2pix_multi\organized_for_classification\A_class\867401440627269632_1758514270306_real_A.png,real_A
E:\Deskbook\pytorch-CycleGAN-and-pix2pix_multi\results\attention_cyclegan\latest_test\images\867401440627269632_1758514270306_real_B.png,E:\Deskbook\pytorch-CycleGAN-and-pix2pix_multi\organized_for_classification\B_class\867401440627269632_1758514270306_real_B.png,real_B
E:\Deskbook\pytorch-CycleGAN-and-pix2pix_multi\results\attention_cyclegan\latest_test\images\867401440627269632_1758514270306_rec_A.png,E:\Deskbook\pytorch-CycleGAN-and-pix2pix_multi\organized_for_classification\A_class\867401440627269632_1758514270306_rec_A.png,rec_A
E:\Deskbook\pytorch-CycleGAN-and-pix2pix_multi\results\attention_cyclegan\latest_test\images\867401440627269632_1758514270306_rec_B.png,E:\Deskbook\pytorch-CycleGAN-and-pix2pix_multi\organized_for_classification\B_class\867401440627269632_1758514270306_rec_B.png,rec_B
E:\Deskbook\pytorch-CycleGAN-and-pix2pix_multi\results\attention_cyclegan\latest_test\images\867401440627269632_1758514270386_fake_A.png,E:\Deskbook\pytorch-CycleGAN-and-pix2pix_multi\organized_for_classification\A_class\867401440627269632_1758514270386_fake_A.png,fake_A
E:\Deskbook\pytorch-CycleGAN-and-pix2pix_multi\results\attention_cyclegan\latest_test\images\867401440627269632_1758514270386_fake_B.png,E:\Deskbook\pytorch-CycleGAN-and-pix2pix_multi\organized_for_classification\B_class\867401440627269632_1758514270386_fake_B.png,fake_B
E:\Deskbook\pytorch-CycleGAN-and-pix2pix_multi\results\attention_cyclegan\latest_test\images\867401440627269632_1758514270386_real_A.png,E:\Deskbook\pytorch-CycleGAN-and-pix2pix_multi\organized_for_classification\A_class\867401440627269632_1758514270386_real_A.png,real_A
E:\Deskbook\pytorch-CycleGAN-and-pix2pix_multi\results\attention_cyclegan\latest_test\images\867401440627269632_1758514270386_real_B.png,E:\Deskbook\pytorch-CycleGAN-and-pix2pix_multi\organized_for_classification\B_class\867401440627269632_1758514270386_real_B.png,real_B
E:\Deskbook\pytorch-CycleGAN-and-pix2pix_multi\results\attention_cyclegan\latest_test\images\867401440627269632_1758514270386_rec_A.png,E:\Deskbook\pytorch-CycleGAN-and-pix2pix_multi\organized_for_classification\A_class\867401440627269632_1758514270386_rec_A.png,rec_A
E:\Deskbook\pytorch-CycleGAN-and-pix2pix_multi\results\attention_cyclegan\latest_test\images\867401440627269632_1758514270386_rec_B.png,E:\Deskbook\pytorch-CycleGAN-and-pix2pix_multi\organized_for_classification\B_class\867401440627269632_1758514270386_rec_B.png,rec_B
E:\Deskbook\pytorch-CycleGAN-and-pix2pix_multi\results\attention_cyclegan\latest_test\images\867401440627269632_1758514270471_fake_A.png,E:\Deskbook\pytorch-CycleGAN-and-pix2pix_multi\organized_for_classification\A_class\867401440627269632_1758514270471_fake_A.png,fake_A
E:\Deskbook\pytorch-CycleGAN-and-pix2pix_multi\results\attention_cyclegan\latest_test\images\867401440627269632_1758514270471_fake_B.png,E:\Deskbook\pytorch-CycleGAN-and-pix2pix_multi\organized_for_classification\B_class\867401440627269632_1758514270471_fake_B.png,fake_B
E:\Deskbook\pytorch-CycleGAN-and-pix2pix_multi\results\attention_cyclegan\latest_test\images\867401440627269632_1758514270471_real_A.png,E:\Deskbook\pytorch-CycleGAN-and-pix2pix_multi\organized_for_classification\A_class\867401440627269632_1758514270471_real_A.png,real_A
E:\Deskbook\pytorch-CycleGAN-and-pix2pix_multi\results\attention_cyclegan\latest_test\images\867401440627269632_1758514270471_real_B.png,E:\Deskbook\pytorch-CycleGAN-and-pix2pix_multi\organized_for_classification\B_class\867401440627269632_1758514270471_real_B.png,real_B
E:\Deskbook\pytorch-CycleGAN-and-pix2pix_multi\results\attention_cyclegan\latest_test\images\867401440627269632_1758514270471_rec_A.png,E:\Deskbook\pytorch-CycleGAN-and-pix2pix_multi\organized_for_classification\A_class\867401440627269632_1758514270471_rec_A.png,rec_A
E:\Deskbook\pytorch-CycleGAN-and-pix2pix_multi\results\attention_cyclegan\latest_test\images\867401440627269632_1758514270471_rec_B.png,E:\Deskbook\pytorch-CycleGAN-and-pix2pix_multi\organized_for_classification\B_class\867401440627269632_1758514270471_rec_B.png,rec_B
E:\Deskbook\pytorch-CycleGAN-and-pix2pix_multi\results\attention_cyclegan\latest_test\images\868057384176590848_1758514343385_fake_A.png,E:\Deskbook\pytorch-CycleGAN-and-pix2pix_multi\organized_for_classification\A_class\868057384176590848_1758514343385_fake_A.png,fake_A
E:\Deskbook\pytorch-CycleGAN-and-pix2pix_multi\results\attention_cyclegan\latest_test\images\868057384176590848_1758514343385_fake_B.png,E:\Deskbook\pytorch-CycleGAN-and-pix2pix_multi\organized_for_classification\B_class\868057384176590848_1758514343385_fake_B.png,fake_B
E:\Deskbook\pytorch-CycleGAN-and-pix2pix_multi\results\attention_cyclegan\latest_test\images\868057384176590848_1758514343385_real_A.png,E:\Deskbook\pytorch-CycleGAN-and-pix2pix_multi\organized_for_classification\A_class\868057384176590848_1758514343385_real_A.png,real_A
E:\Deskbook\pytorch-CycleGAN-and-pix2pix_multi\results\attention_cyclegan\latest_test\images\868057384176590848_1758514343385_real_B.png,E:\Deskbook\pytorch-CycleGAN-and-pix2pix_multi\organized_for_classification\B_class\868057384176590848_1758514343385_real_B.png,real_B
E:\Deskbook\pytorch-CycleGAN-and-pix2pix_multi\results\attention_cyclegan\latest_test\images\868057384176590848_1758514343385_rec_A.png,E:\Deskbook\pytorch-CycleGAN-and-pix2pix_multi\organized_for_classification\A_class\868057384176590848_1758514343385_rec_A.png,rec_A
E:\Deskbook\pytorch-CycleGAN-and-pix2pix_multi\results\attention_cyclegan\latest_test\images\868057384176590848_1758514343385_rec_B.png,E:\Deskbook\pytorch-CycleGAN-and-pix2pix_multi\organized_for_classification\B_class\868057384176590848_1758514343385_rec_B.png,rec_B
E:\Deskbook\pytorch-CycleGAN-and-pix2pix_multi\results\attention_cyclegan\latest_test\images\868057384176590848_1758514343481_fake_A.png,E:\Deskbook\pytorch-CycleGAN-and-pix2pix_multi\organized_for_classification\A_class\868057384176590848_1758514343481_fake_A.png,fake_A
E:\Deskbook\pytorch-CycleGAN-and-pix2pix_multi\results\attention_cyclegan\latest_test\images\868057384176590848_1758514343481_fake_B.png,E:\Deskbook\pytorch-CycleGAN-and-pix2pix_multi\organized_for_classification\B_class\868057384176590848_1758514343481_fake_B.png,fake_B
E:\Deskbook\pytorch-CycleGAN-and-pix2pix_multi\results\attention_cyclegan\latest_test\images\868057384176590848_1758514343481_real_A.png,E:\Deskbook\pytorch-CycleGAN-and-pix2pix_multi\organized_for_classification\A_class\868057384176590848_1758514343481_real_A.png,real_A
E:\Deskbook\pytorch-CycleGAN-and-pix2pix_multi\results\attention_cyclegan\latest_test\images\868057384176590848_1758514343481_real_B.png,E:\Deskbook\pytorch-CycleGAN-and-pix2pix_multi\organized_for_classification\B_class\868057384176590848_1758514343481_real_B.png,real_B
E:\Deskbook\pytorch-CycleGAN-and-pix2pix_multi\results\attention_cyclegan\latest_test\images\868057384176590848_1758514343481_rec_A.png,E:\Deskbook\pytorch-CycleGAN-and-pix2pix_multi\organized_for_classification\A_class\868057384176590848_1758514343481_rec_A.png,rec_A
E:\Deskbook\pytorch-CycleGAN-and-pix2pix_multi\results\attention_cyclegan\latest_test\images\868057384176590848_1758514343481_rec_B.png,E:\Deskbook\pytorch-CycleGAN-and-pix2pix_multi\organized_for_classification\B_class\868057384176590848_1758514343481_rec_B.png,rec_B
E:\Deskbook\pytorch-CycleGAN-and-pix2pix_multi\results\attention_cyclegan\latest_test\images\868057384176590848_1758514343576_fake_A.png,E:\Deskbook\pytorch-CycleGAN-and-pix2pix_multi\organized_for_classification\A_class\868057384176590848_1758514343576_fake_A.png,fake_A
E:\Deskbook\pytorch-CycleGAN-and-pix2pix_multi\results\attention_cyclegan\latest_test\images\868057384176590848_1758514343576_fake_B.png,E:\Deskbook\pytorch-CycleGAN-and-pix2pix_multi\organized_for_classification\B_class\868057384176590848_1758514343576_fake_B.png,fake_B
E:\Deskbook\pytorch-CycleGAN-and-pix2pix_multi\results\attention_cyclegan\latest_test\images\868057384176590848_1758514343576_real_A.png,E:\Deskbook\pytorch-CycleGAN-and-pix2pix_multi\organized_for_classification\A_class\868057384176590848_1758514343576_real_A.png,real_A
E:\Deskbook\pytorch-CycleGAN-and-pix2pix_multi\results\attention_cyclegan\latest_test\images\868057384176590848_1758514343576_real_B.png,E:\Deskbook\pytorch-CycleGAN-and-pix2pix_multi\organized_for_classification\B_class\868057384176590848_1758514343576_real_B.png,real_B
E:\Deskbook\pytorch-CycleGAN-and-pix2pix_multi\results\attention_cyclegan\latest_test\images\868057384176590848_1758514343576_rec_A.png,E:\Deskbook\pytorch-CycleGAN-and-pix2pix_multi\organized_for_classification\A_class\868057384176590848_1758514343576_rec_A.png,rec_A
E:\Deskbook\pytorch-CycleGAN-and-pix2pix_multi\results\attention_cyclegan\latest_test\images\868057384176590848_1758514343576_rec_B.png,E:\Deskbook\pytorch-CycleGAN-and-pix2pix_multi\organized_for_classification\B_class\868057384176590848_1758514343576_rec_B.png,rec_B
E:\Deskbook\pytorch-CycleGAN-and-pix2pix_multi\results\attention_cyclegan\latest_test\images\868160211066560512_1758514409094_fake_A.png,E:\Deskbook\pytorch-CycleGAN-and-pix2pix_multi\organized_for_classification\A_class\868160211066560512_1758514409094_fake_A.png,fake_A
E:\Deskbook\pytorch-CycleGAN-and-pix2pix_multi\results\attention_cyclegan\latest_test\images\868160211066560512_1758514409094_fake_B.png,E:\Deskbook\pytorch-CycleGAN-and-pix2pix_multi\organized_for_classification\B_class\868160211066560512_1758514409094_fake_B.png,fake_B
E:\Deskbook\pytorch-CycleGAN-and-pix2pix_multi\results\attention_cyclegan\latest_test\images\868160211066560512_1758514409094_real_A.png,E:\Deskbook\pytorch-CycleGAN-and-pix2pix_multi\organized_for_classification\A_class\868160211066560512_1758514409094_real_A.png,real_A
E:\Deskbook\pytorch-CycleGAN-and-pix2pix_multi\results\attention_cyclegan\latest_test\images\868160211066560512_1758514409094_real_B.png,E:\Deskbook\pytorch-CycleGAN-and-pix2pix_multi\organized_for_classification\B_class\868160211066560512_1758514409094_real_B.png,real_B
E:\Deskbook\pytorch-CycleGAN-and-pix2pix_multi\results\attention_cyclegan\latest_test\images\868160211066560512_1758514409094_rec_A.png,E:\Deskbook\pytorch-CycleGAN-and-pix2pix_multi\organized_for_classification\A_class\868160211066560512_1758514409094_rec_A.png,rec_A
E:\Deskbook\pytorch-CycleGAN-and-pix2pix_multi\results\attention_cyclegan\latest_test\images\868160211066560512_1758514409094_rec_B.png,E:\Deskbook\pytorch-CycleGAN-and-pix2pix_multi\organized_for_classification\B_class\868160211066560512_1758514409094_rec_B.png,rec_B
E:\Deskbook\pytorch-CycleGAN-and-pix2pix_multi\results\attention_cyclegan\latest_test\images\868160211066560512_1758514409190_fake_A.png,E:\Deskbook\pytorch-CycleGAN-and-pix2pix_multi\organized_for_classification\A_class\868160211066560512_1758514409190_fake_A.png,fake_A
E:\Deskbook\pytorch-CycleGAN-and-pix2pix_multi\results\attention_cyclegan\latest_test\images\868160211066560512_1758514409190_fake_B.png,E:\Deskbook\pytorch-CycleGAN-and-pix2pix_multi\organized_for_classification\B_class\868160211066560512_1758514409190_fake_B.png,fake_B
E:\Deskbook\pytorch-CycleGAN-and-pix2pix_multi\results\attention_cyclegan\latest_test\images\868160211066560512_1758514409190_real_A.png,E:\Deskbook\pytorch-CycleGAN-and-pix2pix_multi\organized_for_classification\A_class\868160211066560512_1758514409190_real_A.png,real_A
E:\Deskbook\pytorch-CycleGAN-and-pix2pix_multi\results\attention_cyclegan\latest_test\images\868160211066560512_1758514409190_real_B.png,E:\Deskbook\pytorch-CycleGAN-and-pix2pix_multi\organized_for_classification\B_class\868160211066560512_1758514409190_real_B.png,real_B
E:\Deskbook\pytorch-CycleGAN-and-pix2pix_multi\results\attention_cyclegan\latest_test\images\868160211066560512_1758514409190_rec_A.png,E:\Deskbook\pytorch-CycleGAN-and-pix2pix_multi\organized_for_classification\A_class\868160211066560512_1758514409190_rec_A.png,rec_A
E:\Deskbook\pytorch-CycleGAN-and-pix2pix_multi\results\attention_cyclegan\latest_test\images\868160211066560512_1758514409190_rec_B.png,E:\Deskbook\pytorch-CycleGAN-and-pix2pix_multi\organized_for_classification\B_class\868160211066560512_1758514409190_rec_B.png,rec_B
E:\Deskbook\pytorch-CycleGAN-and-pix2pix_multi\results\attention_cyclegan\latest_test\images\868160211066560512_1758514409294_fake_A.png,E:\Deskbook\pytorch-CycleGAN-and-pix2pix_multi\organized_for_classification\A_class\868160211066560512_1758514409294_fake_A.png,fake_A
E:\Deskbook\pytorch-CycleGAN-and-pix2pix_multi\results\attention_cyclegan\latest_test\images\868160211066560512_1758514409294_fake_B.png,E:\Deskbook\pytorch-CycleGAN-and-pix2pix_multi\organized_for_classification\B_class\868160211066560512_1758514409294_fake_B.png,fake_B
E:\Deskbook\pytorch-CycleGAN-and-pix2pix_multi\results\attention_cyclegan\latest_test\images\868160211066560512_1758514409294_real_A.png,E:\Deskbook\pytorch-CycleGAN-and-pix2pix_multi\organized_for_classification\A_class\868160211066560512_1758514409294_real_A.png,real_A
E:\Deskbook\pytorch-CycleGAN-and-pix2pix_multi\results\attention_cyclegan\latest_test\images\868160211066560512_1758514409294_real_B.png,E:\Deskbook\pytorch-CycleGAN-and-pix2pix_multi\organized_for_classification\B_class\868160211066560512_1758514409294_real_B.png,real_B
E:\Deskbook\pytorch-CycleGAN-and-pix2pix_multi\results\attention_cyclegan\latest_test\images\868160211066560512_1758514409294_rec_A.png,E:\Deskbook\pytorch-CycleGAN-and-pix2pix_multi\organized_for_classification\A_class\868160211066560512_1758514409294_rec_A.png,rec_A
E:\Deskbook\pytorch-CycleGAN-and-pix2pix_multi\results\attention_cyclegan\latest_test\images\868160211066560512_1758514409294_rec_B.png,E:\Deskbook\pytorch-CycleGAN-and-pix2pix_multi\organized_for_classification\B_class\868160211066560512_1758514409294_rec_B.png,rec_B
E:\Deskbook\pytorch-CycleGAN-and-pix2pix_multi\results\attention_cyclegan\latest_test\images\873199372962111488_1758514595073_fake_A.png,E:\Deskbook\pytorch-CycleGAN-and-pix2pix_multi\organized_for_classification\A_class\873199372962111488_1758514595073_fake_A.png,fake_A
E:\Deskbook\pytorch-CycleGAN-and-pix2pix_multi\results\attention_cyclegan\latest_test\images\873199372962111488_1758514595073_fake_B.png,E:\Deskbook\pytorch-CycleGAN-and-pix2pix_multi\organized_for_classification\B_class\873199372962111488_1758514595073_fake_B.png,fake_B
E:\Deskbook\pytorch-CycleGAN-and-pix2pix_multi\results\attention_cyclegan\latest_test\images\873199372962111488_1758514595073_real_A.png,E:\Deskbook\pytorch-CycleGAN-and-pix2pix_multi\organized_for_classification\A_class\873199372962111488_1758514595073_real_A.png,real_A
E:\Deskbook\pytorch-CycleGAN-and-pix2pix_multi\results\attention_cyclegan\latest_test\images\873199372962111488_1758514595073_real_B.png,E:\Deskbook\pytorch-CycleGAN-and-pix2pix_multi\organized_for_classification\B_class\873199372962111488_1758514595073_real_B.png,real_B
E:\Deskbook\pytorch-CycleGAN-and-pix2pix_multi\results\attention_cyclegan\latest_test\images\873199372962111488_1758514595073_rec_A.png,E:\Deskbook\pytorch-CycleGAN-and-pix2pix_multi\organized_for_classification\A_class\873199372962111488_1758514595073_rec_A.png,rec_A
E:\Deskbook\pytorch-CycleGAN-and-pix2pix_multi\results\attention_cyclegan\latest_test\images\873199372962111488_1758514595073_rec_B.png,E:\Deskbook\pytorch-CycleGAN-and-pix2pix_multi\organized_for_classification\B_class\873199372962111488_1758514595073_rec_B.png,rec_B
E:\Deskbook\pytorch-CycleGAN-and-pix2pix_multi\results\attention_cyclegan\latest_test\images\873199372962111488_1758514595179_fake_A.png,E:\Deskbook\pytorch-CycleGAN-and-pix2pix_multi\organized_for_classification\A_class\873199372962111488_1758514595179_fake_A.png,fake_A
E:\Deskbook\pytorch-CycleGAN-and-pix2pix_multi\results\attention_cyclegan\latest_test\images\873199372962111488_1758514595179_fake_B.png,E:\Deskbook\pytorch-CycleGAN-and-pix2pix_multi\organized_for_classification\B_class\873199372962111488_1758514595179_fake_B.png,fake_B
E:\Deskbook\pytorch-CycleGAN-and-pix2pix_multi\results\attention_cyclegan\latest_test\images\873199372962111488_1758514595179_real_A.png,E:\Deskbook\pytorch-CycleGAN-and-pix2pix_multi\organized_for_classification\A_class\873199372962111488_1758514595179_real_A.png,real_A
E:\Deskbook\pytorch-CycleGAN-and-pix2pix_multi\results\attention_cyclegan\latest_test\images\873199372962111488_1758514595179_real_B.png,E:\Deskbook\pytorch-CycleGAN-and-pix2pix_multi\organized_for_classification\B_class\873199372962111488_1758514595179_real_B.png,real_B
E:\Deskbook\pytorch-CycleGAN-and-pix2pix_multi\results\attention_cyclegan\latest_test\images\873199372962111488_1758514595179_rec_A.png,E:\Deskbook\pytorch-CycleGAN-and-pix2pix_multi\organized_for_classification\A_class\873199372962111488_1758514595179_rec_A.png,rec_A
E:\Deskbook\pytorch-CycleGAN-and-pix2pix_multi\results\attention_cyclegan\latest_test\images\873199372962111488_1758514595179_rec_B.png,E:\Deskbook\pytorch-CycleGAN-and-pix2pix_multi\organized_for_classification\B_class\873199372962111488_1758514595179_rec_B.png,rec_B
E:\Deskbook\pytorch-CycleGAN-and-pix2pix_multi\results\attention_cyclegan\latest_test\images\873199372962111488_1758514595284_fake_A.png,E:\Deskbook\pytorch-CycleGAN-and-pix2pix_multi\organized_for_classification\A_class\873199372962111488_1758514595284_fake_A.png,fake_A
E:\Deskbook\pytorch-CycleGAN-and-pix2pix_multi\results\attention_cyclegan\latest_test\images\873199372962111488_1758514595284_fake_B.png,E:\Deskbook\pytorch-CycleGAN-and-pix2pix_multi\organized_for_classification\B_class\873199372962111488_1758514595284_fake_B.png,fake_B
E:\Deskbook\pytorch-CycleGAN-and-pix2pix_multi\results\attention_cyclegan\latest_test\images\873199372962111488_1758514595284_real_A.png,E:\Deskbook\pytorch-CycleGAN-and-pix2pix_multi\organized_for_classification\A_class\873199372962111488_1758514595284_real_A.png,real_A
E:\Deskbook\pytorch-CycleGAN-and-pix2pix_multi\results\attention_cyclegan\latest_test\images\873199372962111488_1758514595284_real_B.png,E:\Deskbook\pytorch-CycleGAN-and-pix2pix_multi\organized_for_classification\B_class\873199372962111488_1758514595284_real_B.png,real_B
E:\Deskbook\pytorch-CycleGAN-and-pix2pix_multi\results\attention_cyclegan\latest_test\images\873199372962111488_1758514595284_rec_A.png,E:\Deskbook\pytorch-CycleGAN-and-pix2pix_multi\organized_for_classification\A_class\873199372962111488_1758514595284_rec_A.png,rec_A
E:\Deskbook\pytorch-CycleGAN-and-pix2pix_multi\results\attention_cyclegan\latest_test\images\873199372962111488_1758514595284_rec_B.png,E:\Deskbook\pytorch-CycleGAN-and-pix2pix_multi\organized_for_classification\B_class\873199372962111488_1758514595284_rec_B.png,rec_B
E:\Deskbook\pytorch-CycleGAN-and-pix2pix_multi\results\attention_cyclegan\latest_test\images\873224474906861568_1758514502441_fake_A.png,E:\Deskbook\pytorch-CycleGAN-and-pix2pix_multi\organized_for_classification\A_class\873224474906861568_1758514502441_fake_A.png,fake_A
E:\Deskbook\pytorch-CycleGAN-and-pix2pix_multi\results\attention_cyclegan\latest_test\images\873224474906861568_1758514502441_fake_B.png,E:\Deskbook\pytorch-CycleGAN-and-pix2pix_multi\organized_for_classification\B_class\873224474906861568_1758514502441_fake_B.png,fake_B
E:\Deskbook\pytorch-CycleGAN-and-pix2pix_multi\results\attention_cyclegan\latest_test\images\873224474906861568_1758514502441_real_A.png,E:\Deskbook\pytorch-CycleGAN-and-pix2pix_multi\organized_for_classification\A_class\873224474906861568_1758514502441_real_A.png,real_A
E:\Deskbook\pytorch-CycleGAN-and-pix2pix_multi\results\attention_cyclegan\latest_test\images\873224474906861568_1758514502441_real_B.png,E:\Deskbook\pytorch-CycleGAN-and-pix2pix_multi\organized_for_classification\B_class\873224474906861568_1758514502441_real_B.png,real_B
E:\Deskbook\pytorch-CycleGAN-and-pix2pix_multi\results\attention_cyclegan\latest_test\images\873224474906861568_1758514502441_rec_A.png,E:\Deskbook\pytorch-CycleGAN-and-pix2pix_multi\organized_for_classification\A_class\873224474906861568_1758514502441_rec_A.png,rec_A
E:\Deskbook\pytorch-CycleGAN-and-pix2pix_multi\results\attention_cyclegan\latest_test\images\873224474906861568_1758514502441_rec_B.png,E:\Deskbook\pytorch-CycleGAN-and-pix2pix_multi\organized_for_classification\B_class\873224474906861568_1758514502441_rec_B.png,rec_B
E:\Deskbook\pytorch-CycleGAN-and-pix2pix_multi\results\attention_cyclegan\latest_test\images\875022356467163136_1758514672297_fake_A.png,E:\Deskbook\pytorch-CycleGAN-and-pix2pix_multi\organized_for_classification\A_class\875022356467163136_1758514672297_fake_A.png,fake_A
E:\Deskbook\pytorch-CycleGAN-and-pix2pix_multi\results\attention_cyclegan\latest_test\images\875022356467163136_1758514672297_fake_B.png,E:\Deskbook\pytorch-CycleGAN-and-pix2pix_multi\organized_for_classification\B_class\875022356467163136_1758514672297_fake_B.png,fake_B
E:\Deskbook\pytorch-CycleGAN-and-pix2pix_multi\results\attention_cyclegan\latest_test\images\875022356467163136_1758514672297_real_A.png,E:\Deskbook\pytorch-CycleGAN-and-pix2pix_multi\organized_for_classification\A_class\875022356467163136_1758514672297_real_A.png,real_A
E:\Deskbook\pytorch-CycleGAN-and-pix2pix_multi\results\attention_cyclegan\latest_test\images\875022356467163136_1758514672297_real_B.png,E:\Deskbook\pytorch-CycleGAN-and-pix2pix_multi\organized_for_classification\B_class\875022356467163136_1758514672297_real_B.png,real_B
E:\Deskbook\pytorch-CycleGAN-and-pix2pix_multi\results\attention_cyclegan\latest_test\images\875022356467163136_1758514672297_rec_A.png,E:\Deskbook\pytorch-CycleGAN-and-pix2pix_multi\organized_for_classification\A_class\875022356467163136_1758514672297_rec_A.png,rec_A
E:\Deskbook\pytorch-CycleGAN-and-pix2pix_multi\results\attention_cyclegan\latest_test\images\875022356467163136_1758514672297_rec_B.png,E:\Deskbook\pytorch-CycleGAN-and-pix2pix_multi\organized_for_classification\B_class\875022356467163136_1758514672297_rec_B.png,rec_B
E:\Deskbook\pytorch-CycleGAN-and-pix2pix_multi\results\attention_cyclegan\latest_test\images\875022356467163136_1758514672403_fake_A.png,E:\Deskbook\pytorch-CycleGAN-and-pix2pix_multi\organized_for_classification\A_class\875022356467163136_1758514672403_fake_A.png,fake_A
E:\Deskbook\pytorch-CycleGAN-and-pix2pix_multi\results\attention_cyclegan\latest_test\images\875022356467163136_1758514672403_fake_B.png,E:\Deskbook\pytorch-CycleGAN-and-pix2pix_multi\organized_for_classification\B_class\875022356467163136_1758514672403_fake_B.png,fake_B
E:\Deskbook\pytorch-CycleGAN-and-pix2pix_multi\results\attention_cyclegan\latest_test\images\875022356467163136_1758514672403_real_A.png,E:\Deskbook\pytorch-CycleGAN-and-pix2pix_multi\organized_for_classification\A_class\875022356467163136_1758514672403_real_A.png,real_A
E:\Deskbook\pytorch-CycleGAN-and-pix2pix_multi\results\attention_cyclegan\latest_test\images\875022356467163136_1758514672403_real_B.png,E:\Deskbook\pytorch-CycleGAN-and-pix2pix_multi\organized_for_classification\B_class\875022356467163136_1758514672403_real_B.png,real_B
E:\Deskbook\pytorch-CycleGAN-and-pix2pix_multi\results\attention_cyclegan\latest_test\images\875022356467163136_1758514672403_rec_A.png,E:\Deskbook\pytorch-CycleGAN-and-pix2pix_multi\organized_for_classification\A_class\875022356467163136_1758514672403_rec_A.png,rec_A
E:\Deskbook\pytorch-CycleGAN-and-pix2pix_multi\results\attention_cyclegan\latest_test\images\875022356467163136_1758514672403_rec_B.png,E:\Deskbook\pytorch-CycleGAN-and-pix2pix_multi\organized_for_classification\B_class\875022356467163136_1758514672403_rec_B.png,rec_B
E:\Deskbook\pytorch-CycleGAN-and-pix2pix_multi\results\attention_cyclegan\latest_test\images\875022356467163136_1758514672508_fake_A.png,E:\Deskbook\pytorch-CycleGAN-and-pix2pix_multi\organized_for_classification\A_class\875022356467163136_1758514672508_fake_A.png,fake_A
E:\Deskbook\pytorch-CycleGAN-and-pix2pix_multi\results\attention_cyclegan\latest_test\images\875022356467163136_1758514672508_fake_B.png,E:\Deskbook\pytorch-CycleGAN-and-pix2pix_multi\organized_for_classification\B_class\875022356467163136_1758514672508_fake_B.png,fake_B
E:\Deskbook\pytorch-CycleGAN-and-pix2pix_multi\results\attention_cyclegan\latest_test\images\875022356467163136_1758514672508_real_A.png,E:\Deskbook\pytorch-CycleGAN-and-pix2pix_multi\organized_for_classification\A_class\875022356467163136_1758514672508_real_A.png,real_A
E:\Deskbook\pytorch-CycleGAN-and-pix2pix_multi\results\attention_cyclegan\latest_test\images\875022356467163136_1758514672508_real_B.png,E:\Deskbook\pytorch-CycleGAN-and-pix2pix_multi\organized_for_classification\B_class\875022356467163136_1758514672508_real_B.png,real_B
E:\Deskbook\pytorch-CycleGAN-and-pix2pix_multi\results\attention_cyclegan\latest_test\images\875022356467163136_1758514672508_rec_A.png,E:\Deskbook\pytorch-CycleGAN-and-pix2pix_multi\organized_for_classification\A_class\875022356467163136_1758514672508_rec_A.png,rec_A
E:\Deskbook\pytorch-CycleGAN-and-pix2pix_multi\results\attention_cyclegan\latest_test\images\875022356467163136_1758514672508_rec_B.png,E:\Deskbook\pytorch-CycleGAN-and-pix2pix_multi\organized_for_classification\B_class\875022356467163136_1758514672508_rec_B.png,rec_B
E:\Deskbook\pytorch-CycleGAN-and-pix2pix_multi\results\attention_cyclegan\latest_test\images\875044835399049216_1758514759173_fake_A.png,E:\Deskbook\pytorch-CycleGAN-and-pix2pix_multi\organized_for_classification\A_class\875044835399049216_1758514759173_fake_A.png,fake_A
E:\Deskbook\pytorch-CycleGAN-and-pix2pix_multi\results\attention_cyclegan\latest_test\images\875044835399049216_1758514759173_fake_B.png,E:\Deskbook\pytorch-CycleGAN-and-pix2pix_multi\organized_for_classification\B_class\875044835399049216_1758514759173_fake_B.png,fake_B
E:\Deskbook\pytorch-CycleGAN-and-pix2pix_multi\results\attention_cyclegan\latest_test\images\875044835399049216_1758514759173_real_A.png,E:\Deskbook\pytorch-CycleGAN-and-pix2pix_multi\organized_for_classification\A_class\875044835399049216_1758514759173_real_A.png,real_A
E:\Deskbook\pytorch-CycleGAN-and-pix2pix_multi\results\attention_cyclegan\latest_test\images\875044835399049216_1758514759173_real_B.png,E:\Deskbook\pytorch-CycleGAN-and-pix2pix_multi\organized_for_classification\B_class\875044835399049216_1758514759173_real_B.png,real_B
E:\Deskbook\pytorch-CycleGAN-and-pix2pix_multi\results\attention_cyclegan\latest_test\images\875044835399049216_1758514759173_rec_A.png,E:\Deskbook\pytorch-CycleGAN-and-pix2pix_multi\organized_for_classification\A_class\875044835399049216_1758514759173_rec_A.png,rec_A
E:\Deskbook\pytorch-CycleGAN-and-pix2pix_multi\results\attention_cyclegan\latest_test\images\875044835399049216_1758514759173_rec_B.png,E:\Deskbook\pytorch-CycleGAN-and-pix2pix_multi\organized_for_classification\B_class\875044835399049216_1758514759173_rec_B.png,rec_B
E:\Deskbook\pytorch-CycleGAN-and-pix2pix_multi\results\attention_cyclegan\latest_test\images\875044835399049216_1758514759289_fake_A.png,E:\Deskbook\pytorch-CycleGAN-and-pix2pix_multi\organized_for_classification\A_class\875044835399049216_1758514759289_fake_A.png,fake_A
E:\Deskbook\pytorch-CycleGAN-and-pix2pix_multi\results\attention_cyclegan\latest_test\images\875044835399049216_1758514759289_fake_B.png,E:\Deskbook\pytorch-CycleGAN-and-pix2pix_multi\organized_for_classification\B_class\875044835399049216_1758514759289_fake_B.png,fake_B
E:\Deskbook\pytorch-CycleGAN-and-pix2pix_multi\results\attention_cyclegan\latest_test\images\875044835399049216_1758514759289_real_A.png,E:\Deskbook\pytorch-CycleGAN-and-pix2pix_multi\organized_for_classification\A_class\875044835399049216_1758514759289_real_A.png,real_A
E:\Deskbook\pytorch-CycleGAN-and-pix2pix_multi\results\attention_cyclegan\latest_test\images\875044835399049216_1758514759289_real_B.png,E:\Deskbook\pytorch-CycleGAN-and-pix2pix_multi\organized_for_classification\B_class\875044835399049216_1758514759289_real_B.png,real_B
E:\Deskbook\pytorch-CycleGAN-and-pix2pix_multi\results\attention_cyclegan\latest_test\images\875044835399049216_1758514759289_rec_A.png,E:\Deskbook\pytorch-CycleGAN-and-pix2pix_multi\organized_for_classification\A_class\875044835399049216_1758514759289_rec_A.png,rec_A
E:\Deskbook\pytorch-CycleGAN-and-pix2pix_multi\results\attention_cyclegan\latest_test\images\875044835399049216_1758514759289_rec_B.png,E:\Deskbook\pytorch-CycleGAN-and-pix2pix_multi\organized_for_classification\B_class\875044835399049216_1758514759289_rec_B.png,rec_B
E:\Deskbook\pytorch-CycleGAN-and-pix2pix_multi\results\attention_cyclegan\latest_test\images\875044835399049216_1758514759396_fake_A.png,E:\Deskbook\pytorch-CycleGAN-and-pix2pix_multi\organized_for_classification\A_class\875044835399049216_1758514759396_fake_A.png,fake_A
E:\Deskbook\pytorch-CycleGAN-and-pix2pix_multi\results\attention_cyclegan\latest_test\images\875044835399049216_1758514759396_fake_B.png,E:\Deskbook\pytorch-CycleGAN-and-pix2pix_multi\organized_for_classification\B_class\875044835399049216_1758514759396_fake_B.png,fake_B
E:\Deskbook\pytorch-CycleGAN-and-pix2pix_multi\results\attention_cyclegan\latest_test\images\875044835399049216_1758514759396_real_A.png,E:\Deskbook\pytorch-CycleGAN-and-pix2pix_multi\organized_for_classification\A_class\875044835399049216_1758514759396_real_A.png,real_A
E:\Deskbook\pytorch-CycleGAN-and-pix2pix_multi\results\attention_cyclegan\latest_test\images\875044835399049216_1758514759396_real_B.png,E:\Deskbook\pytorch-CycleGAN-and-pix2pix_multi\organized_for_classification\B_class\875044835399049216_1758514759396_real_B.png,real_B
E:\Deskbook\pytorch-CycleGAN-and-pix2pix_multi\results\attention_cyclegan\latest_test\images\875044835399049216_1758514759396_rec_A.png,E:\Deskbook\pytorch-CycleGAN-and-pix2pix_multi\organized_for_classification\A_class\875044835399049216_1758514759396_rec_A.png,rec_A
E:\Deskbook\pytorch-CycleGAN-and-pix2pix_multi\results\attention_cyclegan\latest_test\images\875044835399049216_1758514759396_rec_B.png,E:\Deskbook\pytorch-CycleGAN-and-pix2pix_multi\organized_for_classification\B_class\875044835399049216_1758514759396_rec_B.png,rec_B
E:\Deskbook\pytorch-CycleGAN-and-pix2pix_multi\results\attention_cyclegan\latest_test\images\882592974557421568_1758514824522_fake_A.png,E:\Deskbook\pytorch-CycleGAN-and-pix2pix_multi\organized_for_classification\A_class\882592974557421568_1758514824522_fake_A.png,fake_A
E:\Deskbook\pytorch-CycleGAN-and-pix2pix_multi\results\attention_cyclegan\latest_test\images\882592974557421568_1758514824522_fake_B.png,E:\Deskbook\pytorch-CycleGAN-and-pix2pix_multi\organized_for_classification\B_class\882592974557421568_1758514824522_fake_B.png,fake_B
E:\Deskbook\pytorch-CycleGAN-and-pix2pix_multi\results\attention_cyclegan\latest_test\images\882592974557421568_1758514824522_real_A.png,E:\Deskbook\pytorch-CycleGAN-and-pix2pix_multi\organized_for_classification\A_class\882592974557421568_1758514824522_real_A.png,real_A
E:\Deskbook\pytorch-CycleGAN-and-pix2pix_multi\results\attention_cyclegan\latest_test\images\882592974557421568_1758514824522_real_B.png,E:\Deskbook\pytorch-CycleGAN-and-pix2pix_multi\organized_for_classification\B_class\882592974557421568_1758514824522_real_B.png,real_B
E:\Deskbook\pytorch-CycleGAN-and-pix2pix_multi\results\attention_cyclegan\latest_test\images\882592974557421568_1758514824522_rec_A.png,E:\Deskbook\pytorch-CycleGAN-and-pix2pix_multi\organized_for_classification\A_class\882592974557421568_1758514824522_rec_A.png,rec_A
E:\Deskbook\pytorch-CycleGAN-and-pix2pix_multi\results\attention_cyclegan\latest_test\images\882592974557421568_1758514824522_rec_B.png,E:\Deskbook\pytorch-CycleGAN-and-pix2pix_multi\organized_for_classification\B_class\882592974557421568_1758514824522_rec_B.png,rec_B
E:\Deskbook\pytorch-CycleGAN-and-pix2pix_multi\results\attention_cyclegan\latest_test\images\882592974557421568_1758514824618_fake_A.png,E:\Deskbook\pytorch-CycleGAN-and-pix2pix_multi\organized_for_classification\A_class\882592974557421568_1758514824618_fake_A.png,fake_A
E:\Deskbook\pytorch-CycleGAN-and-pix2pix_multi\results\attention_cyclegan\latest_test\images\882592974557421568_1758514824618_fake_B.png,E:\Deskbook\pytorch-CycleGAN-and-pix2pix_multi\organized_for_classification\B_class\882592974557421568_1758514824618_fake_B.png,fake_B
E:\Deskbook\pytorch-CycleGAN-and-pix2pix_multi\results\attention_cyclegan\latest_test\images\882592974557421568_1758514824618_real_A.png,E:\Deskbook\pytorch-CycleGAN-and-pix2pix_multi\organized_for_classification\A_class\882592974557421568_1758514824618_real_A.png,real_A
E:\Deskbook\pytorch-CycleGAN-and-pix2pix_multi\results\attention_cyclegan\latest_test\images\882592974557421568_1758514824618_real_B.png,E:\Deskbook\pytorch-CycleGAN-and-pix2pix_multi\organized_for_classification\B_class\882592974557421568_1758514824618_real_B.png,real_B
E:\Deskbook\pytorch-CycleGAN-and-pix2pix_multi\results\attention_cyclegan\latest_test\images\882592974557421568_1758514824618_rec_A.png,E:\Deskbook\pytorch-CycleGAN-and-pix2pix_multi\organized_for_classification\A_class\882592974557421568_1758514824618_rec_A.png,rec_A
E:\Deskbook\pytorch-CycleGAN-and-pix2pix_multi\results\attention_cyclegan\latest_test\images\882592974557421568_1758514824618_rec_B.png,E:\Deskbook\pytorch-CycleGAN-and-pix2pix_multi\organized_for_classification\B_class\882592974557421568_1758514824618_rec_B.png,rec_B
E:\Deskbook\pytorch-CycleGAN-and-pix2pix_multi\results\attention_cyclegan\latest_test\images\882592974557421568_1758514824712_fake_A.png,E:\Deskbook\pytorch-CycleGAN-and-pix2pix_multi\organized_for_classification\A_class\882592974557421568_1758514824712_fake_A.png,fake_A
E:\Deskbook\pytorch-CycleGAN-and-pix2pix_multi\results\attention_cyclegan\latest_test\images\882592974557421568_1758514824712_fake_B.png,E:\Deskbook\pytorch-CycleGAN-and-pix2pix_multi\organized_for_classification\B_class\882592974557421568_1758514824712_fake_B.png,fake_B
E:\Deskbook\pytorch-CycleGAN-and-pix2pix_multi\results\attention_cyclegan\latest_test\images\882592974557421568_1758514824712_real_A.png,E:\Deskbook\pytorch-CycleGAN-and-pix2pix_multi\organized_for_classification\A_class\882592974557421568_1758514824712_real_A.png,real_A
E:\Deskbook\pytorch-CycleGAN-and-pix2pix_multi\results\attention_cyclegan\latest_test\images\882592974557421568_1758514824712_real_B.png,E:\Deskbook\pytorch-CycleGAN-and-pix2pix_multi\organized_for_classification\B_class\882592974557421568_1758514824712_real_B.png,real_B
E:\Deskbook\pytorch-CycleGAN-and-pix2pix_multi\results\attention_cyclegan\latest_test\images\882592974557421568_1758514824712_rec_A.png,E:\Deskbook\pytorch-CycleGAN-and-pix2pix_multi\organized_for_classification\A_class\882592974557421568_1758514824712_rec_A.png,rec_A
E:\Deskbook\pytorch-CycleGAN-and-pix2pix_multi\results\attention_cyclegan\latest_test\images\882592974557421568_1758514824712_rec_B.png,E:\Deskbook\pytorch-CycleGAN-and-pix2pix_multi\organized_for_classification\B_class\882592974557421568_1758514824712_rec_B.png,rec_B
E:\Deskbook\pytorch-CycleGAN-and-pix2pix_multi\results\attention_cyclegan\latest_test\images\883360865812750336_1758514926500_fake_A.png,E:\Deskbook\pytorch-CycleGAN-and-pix2pix_multi\organized_for_classification\A_class\883360865812750336_1758514926500_fake_A.png,fake_A
E:\Deskbook\pytorch-CycleGAN-and-pix2pix_multi\results\attention_cyclegan\latest_test\images\883360865812750336_1758514926500_fake_B.png,E:\Deskbook\pytorch-CycleGAN-and-pix2pix_multi\organized_for_classification\B_class\883360865812750336_1758514926500_fake_B.png,fake_B
E:\Deskbook\pytorch-CycleGAN-and-pix2pix_multi\results\attention_cyclegan\latest_test\images\883360865812750336_1758514926500_real_A.png,E:\Deskbook\pytorch-CycleGAN-and-pix2pix_multi\organized_for_classification\A_class\883360865812750336_1758514926500_real_A.png,real_A
E:\Deskbook\pytorch-CycleGAN-and-pix2pix_multi\results\attention_cyclegan\latest_test\images\883360865812750336_1758514926500_real_B.png,E:\Deskbook\pytorch-CycleGAN-and-pix2pix_multi\organized_for_classification\B_class\883360865812750336_1758514926500_real_B.png,real_B
E:\Deskbook\pytorch-CycleGAN-and-pix2pix_multi\results\attention_cyclegan\latest_test\images\883360865812750336_1758514926500_rec_A.png,E:\Deskbook\pytorch-CycleGAN-and-pix2pix_multi\organized_for_classification\A_class\883360865812750336_1758514926500_rec_A.png,rec_A
E:\Deskbook\pytorch-CycleGAN-and-pix2pix_multi\results\attention_cyclegan\latest_test\images\883360865812750336_1758514926500_rec_B.png,E:\Deskbook\pytorch-CycleGAN-and-pix2pix_multi\organized_for_classification\B_class\883360865812750336_1758514926500_rec_B.png,rec_B
E:\Deskbook\pytorch-CycleGAN-and-pix2pix_multi\results\attention_cyclegan\latest_test\images\883360865812750336_1758514926595_fake_A.png,E:\Deskbook\pytorch-CycleGAN-and-pix2pix_multi\organized_for_classification\A_class\883360865812750336_1758514926595_fake_A.png,fake_A
E:\Deskbook\pytorch-CycleGAN-and-pix2pix_multi\results\attention_cyclegan\latest_test\images\883360865812750336_1758514926595_fake_B.png,E:\Deskbook\pytorch-CycleGAN-and-pix2pix_multi\organized_for_classification\B_class\883360865812750336_1758514926595_fake_B.png,fake_B
E:\Deskbook\pytorch-CycleGAN-and-pix2pix_multi\results\attention_cyclegan\latest_test\images\883360865812750336_1758514926595_real_A.png,E:\Deskbook\pytorch-CycleGAN-and-pix2pix_multi\organized_for_classification\A_class\883360865812750336_1758514926595_real_A.png,real_A
E:\Deskbook\pytorch-CycleGAN-and-pix2pix_multi\results\attention_cyclegan\latest_test\images\883360865812750336_1758514926595_real_B.png,E:\Deskbook\pytorch-CycleGAN-and-pix2pix_multi\organized_for_classification\B_class\883360865812750336_1758514926595_real_B.png,real_B
E:\Deskbook\pytorch-CycleGAN-and-pix2pix_multi\results\attention_cyclegan\latest_test\images\883360865812750336_1758514926595_rec_A.png,E:\Deskbook\pytorch-CycleGAN-and-pix2pix_multi\organized_for_classification\A_class\883360865812750336_1758514926595_rec_A.png,rec_A
E:\Deskbook\pytorch-CycleGAN-and-pix2pix_multi\results\attention_cyclegan\latest_test\images\883360865812750336_1758514926595_rec_B.png,E:\Deskbook\pytorch-CycleGAN-and-pix2pix_multi\organized_for_classification\B_class\883360865812750336_1758514926595_rec_B.png,rec_B
E:\Deskbook\pytorch-CycleGAN-and-pix2pix_multi\results\attention_cyclegan\latest_test\images\883360865812750336_1758514926687_fake_A.png,E:\Deskbook\pytorch-CycleGAN-and-pix2pix_multi\organized_for_classification\A_class\883360865812750336_1758514926687_fake_A.png,fake_A
E:\Deskbook\pytorch-CycleGAN-and-pix2pix_multi\results\attention_cyclegan\latest_test\images\883360865812750336_1758514926687_fake_B.png,E:\Deskbook\pytorch-CycleGAN-and-pix2pix_multi\organized_for_classification\B_class\883360865812750336_1758514926687_fake_B.png,fake_B
E:\Deskbook\pytorch-CycleGAN-and-pix2pix_multi\results\attention_cyclegan\latest_test\images\883360865812750336_1758514926687_real_A.png,E:\Deskbook\pytorch-CycleGAN-and-pix2pix_multi\organized_for_classification\A_class\883360865812750336_1758514926687_real_A.png,real_A
E:\Deskbook\pytorch-CycleGAN-and-pix2pix_multi\results\attention_cyclegan\latest_test\images\883360865812750336_1758514926687_real_B.png,E:\Deskbook\pytorch-CycleGAN-and-pix2pix_multi\organized_for_classification\B_class\883360865812750336_1758514926687_real_B.png,real_B
E:\Deskbook\pytorch-CycleGAN-and-pix2pix_multi\results\attention_cyclegan\latest_test\images\883360865812750336_1758514926687_rec_A.png,E:\Deskbook\pytorch-CycleGAN-and-pix2pix_multi\organized_for_classification\A_class\883360865812750336_1758514926687_rec_A.png,rec_A
E:\Deskbook\pytorch-CycleGAN-and-pix2pix_multi\results\attention_cyclegan\latest_test\images\883360865812750336_1758514926687_rec_B.png,E:\Deskbook\pytorch-CycleGAN-and-pix2pix_multi\organized_for_classification\B_class\883360865812750336_1758514926687_rec_B.png,rec_B
